title,year,authors,doi,url
Abstracts from USCAP 2020: Informatics (1522-1590),2020,,https://doi.org/10.1038/s41374-020-0393-8,https://www.sciencedirect.com/science/article/pii/S0023683722001921
E2EFP-MIL: End-to-end and high-generalizability weakly supervised deep convolutional network for lung cancer classification from whole slide image,2023,Lei Cao and Jie Wang and Yuanyuan Zhang and Zhiwei Rong and Meng Wang and Liuying Wang and Jianxin Ji and Youhui Qian and Liuchao Zhang and Hao Wu and Jiali Song and Zheng Liu and Wenjie Wang and Shuang Li and Peiyu Wang and Zhenyi Xu and Jingyuan Zhang and Liang Zhao and Hang Wang and Mengting Sun and Xing Huang and Rong Yin and Yuhong Lu and Ziqian Liu and Kui Deng and Gongwei Wang and Mantang Qiu and Kang Li and Jun Wang and Yan Hou,https://doi.org/10.1016/j.media.2023.102837,https://www.sciencedirect.com/science/article/pii/S136184152300097X
BREAST PATHOLOGY,2023,,https://doi.org/10.1016/j.labinv.2023.100081,https://www.sciencedirect.com/science/article/pii/S0023683723000247
Antigen discovery for the development of cancer immunotherapy,2023,Ryuhjin Ahn and Yufei Cui and Forest M. White,https://doi.org/10.1016/j.smim.2023.101733,https://www.sciencedirect.com/science/article/pii/S1044532323000246
MTRRE-Net: A deep learning model for detection of breast cancer from histopathological images,2022,Soham Chattopadhyay and Arijit Dey and Pawan Kumar Singh and Diego Oliva and Erik Cuevas and Ram Sarkar,https://doi.org/10.1016/j.compbiomed.2022.106155,https://www.sciencedirect.com/science/article/pii/S0010482522008630
Breast Cancer Screening and Diagnosis: Recent Advances in Imaging and Current Limitations,2023,Alison R. Gegios and Molly S. Peterson and Amy M. Fowler,https://doi.org/10.1016/j.cpet.2023.04.003,https://www.sciencedirect.com/science/article/pii/S1556859823000354
Integration of incomplete multi-omics data using Knowledge Distillation and Supervised Variational Autoencoders for disease progression prediction,2023,Sima Ranjbari and Suzan Arslanturk,https://doi.org/10.1016/j.jbi.2023.104512,https://www.sciencedirect.com/science/article/pii/S1532046423002332
"Comprehensive assessment of schiff base derived from 4-Chloroaniline and 2-Formylphenol: Molecular architecture, experimental with computational bioactivity profiling, emphasizing anticancer efficacy against pulmonary and mammary carcinoma cell models",2025,K.J. Rajimon and Hamed A. El-Serehy and Neha Kannan and Renjith Thomas,https://doi.org/10.1016/j.molstruc.2024.140590,https://www.sciencedirect.com/science/article/pii/S0022286024030989
ReCasNet: Improving consistency within the two-stage mitosis detection framework,2023,Chawan Piansaddhayanaon and Sakun Santisukwongchote and Shanop Shuangshoti and Qingyi Tao and Sira Sriswasdi and Ekapol Chuangsuwanich,https://doi.org/10.1016/j.artmed.2022.102462,https://www.sciencedirect.com/science/article/pii/S0933365722002147
Self-assembled peptide-based nanoforms targeting mitochondria for chemotherapy,2024,Isha and Pooja Rani and Monica Gulati and Junaid Ur Rahim and Bhupinder Kapoor,https://doi.org/10.1016/j.jddst.2024.106006,https://www.sciencedirect.com/science/article/pii/S1773224724006750
Current trends of granular data mining for biomedical data analysis,2020,Weiping Ding and Chin-Teng Lin and Alan Wee-Chung Liew and Isaac Triguero and Wenjian Luo,https://doi.org/10.1016/j.ins.2019.10.002,https://www.sciencedirect.com/science/article/pii/S0020025519309508
Hagnifinder: Recovering magnification information of digital histological images using deep learning,2023,Hongtai Zhang and Zaiyi Liu and Mingli Song and Cheng Lu,https://doi.org/10.1016/j.jpi.2023.100302,https://www.sciencedirect.com/science/article/pii/S2153353923001165
Comparing deep learning-based automatic segmentation of breast masses to expert interobserver variability in ultrasound imaging,2021,Jeremy M. Webb and Shaheeda A. Adusei and Yinong Wang and Naziya Samreen and Kalie Adler and Duane D. Meixner and Robert T. Fazzio and Mostafa Fatemi and Azra Alizad,https://doi.org/10.1016/j.compbiomed.2021.104966,https://www.sciencedirect.com/science/article/pii/S0010482521007605
Multilabel classification of medical concepts for patient clinical profile identification,2022,Christel Gérardin and Perceval Wajsbürt and Pascal Vaillant and Ali Bellamine and Fabrice Carrat and Xavier Tannier,https://doi.org/10.1016/j.artmed.2022.102311,https://www.sciencedirect.com/science/article/pii/S0933365722000768
Mitochondrial nanoprobe for precise cellular and drug analysis via graph Neural network,2024,Hua He and Guangyong Qin and Minmin Xue and Zhenzhen Feng and Jian Mao and Wenpeng Tao and Hongqi Chen and Xiaojuan Wang and Daoyong Yu and Fang Huang,https://doi.org/10.1016/j.cej.2024.152709,https://www.sciencedirect.com/science/article/pii/S1385894724041962
"Domain generalization across tumor types, laboratories, and species — Insights from the 2022 edition of the Mitosis Domain Generalization Challenge",2024,Marc Aubreville and Nikolas Stathonikos and Taryn A. Donovan and Robert Klopfleisch and Jonas Ammeling and Jonathan Ganz and Frauke Wilm and Mitko Veta and Samir Jabari and Markus Eckstein and Jonas Annuscheit and Christian Krumnow and Engin Bozaba and Sercan Çayır and Hongyan Gu and Xiang ‘Anthony’ Chen and Mostafa Jahanifar and Adam Shephard and Satoshi Kondo and Satoshi Kasai and Sujatha Kotte and V.G. Saipradeep and Maxime W. Lafarge and Viktor H. Koelzer and Ziyue Wang and Yongbing Zhang and Sen Yang and Xiyue Wang and Katharina Breininger and Christof A. Bertram,https://doi.org/10.1016/j.media.2024.103155,https://www.sciencedirect.com/science/article/pii/S136184152400080X
Tumor Microenvironment and the Role of Artificial Intelligence in Breast Cancer Detection and Prognosis,2021,Kathryn Malherbe,https://doi.org/10.1016/j.ajpath.2021.01.014,https://www.sciencedirect.com/science/article/pii/S0002944021000511
Chapter 8 - IVIM and Non-Gaussian DWI of the Breast,2023,Mami Iima and Sunitha B. Thakur and Neil Peter Jerome and Maya Honda and Masako Kataoka and Tone Frost Bathen and Eric E. Sigmund,https://doi.org/10.1016/B978-0-323-79702-3.00008-3,https://www.sciencedirect.com/science/article/pii/B9780323797023000083
Chapter 5 - Computational intelligence in Internet of things for future healthcare applications,2021,Vandana Bharti and Bhaskar Biswas and Kaushal Kumar Shukla,https://doi.org/10.1016/B978-0-12-821472-5.00018-1,https://www.sciencedirect.com/science/article/pii/B9780128214725000181
PATHOLOGY VISIONS 2019,2020,,https://doi.org/10.4103/2153-3539.276115,https://www.sciencedirect.com/science/article/pii/S2153353922002309
External beam radiation therapy with kilovoltage x-rays,2020,Dylan Y Breitkreutz and Michael D Weil and Magdalena Bazalova-Carter,https://doi.org/10.1016/j.ejmp.2020.11.001,https://www.sciencedirect.com/science/article/pii/S1120179720302751
Recent advances in breast cancer metastasis with special emphasis on metastasis to the brain,2024,Fairooz Labiba Sadique and Hemavathy Subramaiam and Purushotham Krishnappa and Dinesh Kumar Chellappan and Jin Hao Ma,https://doi.org/10.1016/j.prp.2024.155378,https://www.sciencedirect.com/science/article/pii/S0344033824002899
A role for breast ultrasound Artificial Intelligence decision support in the evaluation of small invasive lobular carcinomas,2023,Tali Amir and Kristen Coffey and Varadan Sevilimedu and Reza Fardanesh and Victoria L. Mango,https://doi.org/10.1016/j.clinimag.2023.05.005,https://www.sciencedirect.com/science/article/pii/S0899707123001158
PET Imaging for Breast Cancer,2021,Amy M. Fowler and Steve Y. Cho,https://doi.org/10.1016/j.rcl.2021.05.004,https://www.sciencedirect.com/science/article/pii/S0033838921000658
Revisiting the advances and challenges in the clinical applications of extracellular vesicles in cancer,2024,Guangpeng He and Jiaxing Liu and Yifan Yu and Shibo Wei and Xueqiang Peng and Liang Yang and Hangyu Li,https://doi.org/10.1016/j.canlet.2024.216960,https://www.sciencedirect.com/science/article/pii/S0304383524003537
An MRI-based Radiomics Approach to Improve Breast Cancer Histological Grading,2023,Meng Jiang and Chang-Li Li and Xiao-Mao Luo and Zhi-Rui Chuan and Rui-Xue Chen and Chao-Ying Jin,https://doi.org/10.1016/j.acra.2022.12.014,https://www.sciencedirect.com/science/article/pii/S1076633222006559
Host-pathogen protein-nucleic acid interactions: A comprehensive review,2022,Anuja Jain and Shikha Mittal and Lokesh P. Tripathi and Ruth Nussinov and Shandar Ahmad,https://doi.org/10.1016/j.csbj.2022.08.001,https://www.sciencedirect.com/science/article/pii/S200103702200335X
Deep learning identification of stiffness markers in breast cancer,2022,Alexandra Sneider and Ashley Kiemen and Joo Ho Kim and Pei-Hsun Wu and Mehran Habibi and Marissa White and Jude M. Phillip and Luo Gu and Denis Wirtz,https://doi.org/10.1016/j.biomaterials.2022.121540,https://www.sciencedirect.com/science/article/pii/S0142961222001806
Tumor Immunology and Tumor Evolution: Intertwined Histories,2020,Jérôme Galon and Daniela Bruni,https://doi.org/10.1016/j.immuni.2019.12.018,https://www.sciencedirect.com/science/article/pii/S1074761319305370
Diagnostic accuracy of optical coherence tomography for margin assessment in breast-conserving surgery: A systematic review and meta-analysis,2023,Yuqing Duan and Dingjie Guo and Xin Zhang and Linwei Lan and Hengyu Meng and Yashan Wang and Chuanying Sui and Zihan Qu and Guangliang He and Chunpeng Wang and Xin Liu,https://doi.org/10.1016/j.pdpdt.2023.103718,https://www.sciencedirect.com/science/article/pii/S1572100023004453
Call to action to properly utilize electron microscopy to measure organelles to monitor disease,2023,Kit Neikirk and Edgar-Garza Lopez and Andrea G. Marshall and Ahmad Alghanem and Evan Krystofiak and Bartosz Kula and Nathan Smith and Jianqiang Shao and Prasanna Katti and Antentor Hinton,https://doi.org/10.1016/j.ejcb.2023.151365,https://www.sciencedirect.com/science/article/pii/S0171933523000808
Strategies for studying immune and non-immune human and canine mammary gland cancer tumour infiltrate,2024,Oscar Hernán Rodríguez-Bejarano and Leonardo Roa and Giovanni Vargas-Hernández and Lucía Botero-Espinosa and Carlos Parra-López and Manuel Alfonso Patarroyo,https://doi.org/10.1016/j.bbcan.2023.189064,https://www.sciencedirect.com/science/article/pii/S0304419X23002135
Machine learning determines stemness associated with simple and basal-like canine mammary carcinomas,2024,Pedro L.P. Xavier and Maycon Marção and Renan L.S. Simões and Maria Eduarda G. Job and Ricardo {de Francisco Strefezzi} and Heidge Fukumasu and Tathiane M. Malta,https://doi.org/10.1016/j.heliyon.2024.e26714,https://www.sciencedirect.com/science/article/pii/S2405844024027452
Quantitative Thermal Imaging Biomarkers to Detect Acute Skin Toxicity From Breast Radiation Therapy Using Supervised Machine Learning,2020,Khadijeh Saednia and Sami Tabbarah and Andrew Lagree and Tina Wu and Jonathan Klein and Eduardo Garcia and Michael Hall and Edward Chow and Eileen Rakovitch and Charmaine Childs and Ali Sadeghi-Naini and William T. Tran,https://doi.org/10.1016/j.ijrobp.2019.12.032,https://www.sciencedirect.com/science/article/pii/S036030161934550X
Artificial Intelligence-Based Mitosis Scoring in Breast Cancer: Clinical Application,2024,Asmaa Ibrahim and Mostafa Jahanifar and Noorul Wahab and Michael S. Toss and Shorouk Makhlouf and Nehal Atallah and Ayat G. Lashen and Ayaka Katayama and Simon Graham and Mohsin Bilal and Abhir Bhalerao and Shan E. {Ahmed Raza} and David Snead and Fayyaz Minhas and Nasir Rajpoot and Emad Rakha,https://doi.org/10.1016/j.modpat.2023.100416,https://www.sciencedirect.com/science/article/pii/S0893395223003216
"Microscopic-based analysis of nuclei in spheroids via SUNSHINE: An on-chip workflow integrating optical clearing, fluorescence calibration and supervoxel segmentation",2025,Chia-Hsiang Lin and Zi-Chao Leng and Chien-Hsin Yu and Lui Kirtan {Deori Bharali} and Cheng-Li Lin and Bin-Hsu Mao and Ting-Yuan Tu,https://doi.org/10.1016/j.compbiomed.2025.109761,https://www.sciencedirect.com/science/article/pii/S0010482525001118
Abstracts from USCAP 2021: Dermatopathology (238-270),2021,,https://doi.org/10.1038/s41379-021-00755-4,https://www.sciencedirect.com/science/article/pii/S0893395222001703
Noninferiority of Artificial Intelligence–Assisted Analysis of Ki-67 and Estrogen/Progesterone Receptor in Breast Cancer Routine Diagnostics,2023,Niklas Abele and Katharina Tiemann and Till Krech and Axel Wellmann and Christian Schaaf and Florian Länger and Anja Peters and Andreas Donner and Felix Keil and Khalid Daifalla and Marina Mackens and Andreas Mamilos and Evgeny Minin and Michel Krümmelbein and Linda Krause and Maria Stark and Antonia Zapf and Marc Päpper and Arndt Hartmann and Tobias Lang,https://doi.org/10.1016/j.modpat.2022.100033,https://www.sciencedirect.com/science/article/pii/S0893395222000333
Single-molecule imaging for investigating the transcriptional control,2025,Insung Choi and Inwha Baek,https://doi.org/10.1016/j.mocell.2025.100179,https://www.sciencedirect.com/science/article/pii/S1016847825000032
Medical image editing in the latent space of Generative Adversarial Networks,2021,Rubén {Fernández Blanco} and Pilar Rosado and Esteban Vegas and Ferran Reverter,https://doi.org/10.1016/j.ibmed.2021.100040,https://www.sciencedirect.com/science/article/pii/S2666521221000168
Towards reliable hyperspectral imaging biomarkers of CT26 murine tumor model,2024,Tadej Tomanic and Jost Stergar and Tim Bozic and Bostjan Markelc and Simona {Kranjc Brezar} and Gregor Sersa and Matija Milanic,https://doi.org/10.1016/j.heliyon.2024.e39816,https://www.sciencedirect.com/science/article/pii/S2405844024158471
Abstracts from USCAP 2021: Dermatopathology (238-270),2021,,https://doi.org/10.1038/s41374-021-00553-1,https://www.sciencedirect.com/science/article/pii/S0023683722001568
Multi-scale classification of single-cell gel electrophoresis assay using deep learning algorithm,2020,Aykut Erdamar and Mehmet Feyzi Aksahin,https://doi.org/10.1016/j.bspc.2019.101672,https://www.sciencedirect.com/science/article/pii/S1746809419302538
Applicability of thermography for cancer diagnosis in small animals,2023,André Gustavo Alves Holanda and Danila Evem Alves Cortez and Genilson Fernandes de Queiroz and Julia Maria Matera,https://doi.org/10.1016/j.jtherbio.2023.103561,https://www.sciencedirect.com/science/article/pii/S030645652300102X
"Abstracts from USCAP 2020: Pancreas, Gallbladder, Ampulla, and Extra-Hepatic Biliary Tree (1739-1801)",2020,,https://doi.org/10.1038/s41374-020-0397-4,https://www.sciencedirect.com/science/article/pii/S0023683722001969
USCAP 2022 Abstracts: Breast Pathology (74-204),2022,,https://doi.org/10.1038/s41374-022-00747-1,https://www.sciencedirect.com/science/article/pii/S0023683722001295
Deep feature learning for histopathological image classification of canine mammary tumors and human breast cancer,2020,Abhinav Kumar and Sanjay Kumar Singh and Sonal Saxena and K. Lakshmanan and Arun Kumar Sangaiah and Himanshu Chauhan and Sameer Shrivastava and Raj Kumar Singh,https://doi.org/10.1016/j.ins.2019.08.072,https://www.sciencedirect.com/science/article/pii/S0020025519308229
USCAP 2022 Abstracts: Breast Pathology (74-204),2022,,https://doi.org/10.1038/s41379-022-01030-w,https://www.sciencedirect.com/science/article/pii/S0893395222001430
Index,2023,,https://doi.org/10.1016/B978-0-323-96129-5.00019-6,https://www.sciencedirect.com/science/article/pii/B9780323961295000196
Beyond chemotherapy: Spatiotemporal activation of metal complexes for deep-tissues precision medicine,2025,Yida Pang and Fang Zhao and Yuting Wang and Qiao Song and Qian Wang and Junrong Li and Ruiping Zhang and Yao Sun,https://doi.org/10.1016/j.ccr.2025.216664,https://www.sciencedirect.com/science/article/pii/S0010854525002346
Discovery of the First-in-Class Dual-Target ROCK/HDAC Inhibitor with Potent Antitumor Efficacy in Vivo That Trigger Antitumor Immunity,2024,Churu Mao and Jiebin Fang and Shijie Zou and Yun Huang and Xiaoming Chen and Xia Ding and Zhangyun Fang and Ningjing Zhang and Yijie Lou and Zhe Chen and Wanjing Ding and Zhongjun Ma,https://doi.org/10.1021/acs.jmedchem.4c02183,https://www.sciencedirect.com/science/article/pii/S1520480424010974
Abstracts from USCAP 2020: Breast Pathology (110-299),2020,,https://doi.org/10.1038/s41374-020-0380-0,https://www.sciencedirect.com/science/article/pii/S0023683722001799
Full Issue PDF,2024,,https://doi.org/10.1016/S2452-302X(24)00173-6,https://www.sciencedirect.com/science/article/pii/S2452302X24001736
Artificial Intelligence-Based Automatic Mitosis Scoring in Breast Cancer Improves Inter-Observer Concordance and Efficiency,2025,Chien-Hui Wu and Min-Hsiang Chang and Hui-Juan Chen and Hsin-Hsiu Tsai and Chun-Jui Chien and Jian-Chiao Wang,https://doi.org/10.1016/j.clbc.2025.04.021,https://www.sciencedirect.com/science/article/pii/S1526820925001120
BREAST PATHOLOGY,2024,,https://doi.org/10.1016/j.labinv.2024.100428,https://www.sciencedirect.com/science/article/pii/S0023683724001065
GENITOURINARY PATHOLOGY (INCLUDING RENAL TUMORS),2023,,https://doi.org/10.1016/j.labinv.2023.100090,https://www.sciencedirect.com/science/article/pii/S0023683723000338
Rotation translation matrices analysis method for action recognition of construction equipment,2025,Ziwei Liu and Jiazhong Yu and Rundong Cao and Qinghua Liang and Shui Liu and Linsu Shi,https://doi.org/10.1016/j.jvcir.2025.104460,https://www.sciencedirect.com/science/article/pii/S1047320325000744
73P Automated detection of typical and atypical mitotic figures for improving survival prediction in breast cancer,2023,S. {Ben Hadj} and D. Wallis and M. Aubreville and C. Bertram and R. Fick,https://doi.org/10.1016/j.esmoop.2023.100931,https://www.sciencedirect.com/science/article/pii/S2059702923001515
Chapter 5 - Patch-based approaches to whole slide histologic grading of breast cancer using convolutional neural networks,2023,Sercan Çayır and Berkan Darbaz and Gizem Solmaz and Çisem Yazıcı and Huseyin Kusetogulları and Fatma Tokat and Leonardo Obinna Iheme and Engin Bozaba and Eren Tekin and Gülşah Özsoy and Samet Ayaltı and Cavit Kerem Kayhan and Ümit İnce and Burak Uzel,https://doi.org/10.1016/B978-0-323-96129-5.00007-X,https://www.sciencedirect.com/science/article/pii/B978032396129500007X
Revolutionizing prostate cancer diagnosis: Unleashing the potential of an optimized deep belief network for accurate Gleason grading in histological images,2024,S. {Angel Latha Mary} and S. {Siva Subramanian} and G. Priyanka and T. Vijayakumar and Suganthi Alagumalai,https://doi.org/10.1016/j.ijin.2024.05.004,https://www.sciencedirect.com/science/article/pii/S266660302400023X
Abstracts from USCAP 2020: Breast Pathology (110-299),2020,,https://doi.org/10.1038/s41379-020-0464-9,https://www.sciencedirect.com/science/article/pii/S0893395222001922
Concept attribution: Explaining CNN decisions to physicians,2020,Graziani M. and Andrearczyk V. and Marchand-Maillet S. and Müller H.,https://doi.org/10.1016/j.compbiomed.2020.103865,https://www.sciencedirect.com/science/article/pii/S0010482520302225
Imaging biomarkers to stratify lymph node metastases in abdominal CT – Is radiomics superior to dual-energy material decomposition?,2023,Scherwin Mahmoudi and Vitali Koch and Daniel Pinto Dos Santos and Jörg Ackermann and Leon D. Grünewald and Inga Weitkamp and Ibrahim Yel and Simon S. Martin and Moritz H. Albrecht and Jan-Erik Scholtz and Thomas J. Vogl and Simon Bernatz,https://doi.org/10.1016/j.ejro.2022.100459,https://www.sciencedirect.com/science/article/pii/S2352047722000661
Osteopontin and Ki-67 expression in World Health Organization graded canine meningioma,2023,Janina Janssen and Anna Oevermann and Ingrid Walter and Alexander Tichy and Stefan Kummer and Gabriele Gradner,https://doi.org/10.1016/j.jcpa.2022.12.011,https://www.sciencedirect.com/science/article/pii/S0021997522001566
Untangling the web of intratumor microbiota in lung cancer,2023,Weici Liu and Jingtong Xu and Zheshun Pi and Yundi Chen and Guanyu Jiang and Yuan Wan and Wenjun Mao,https://doi.org/10.1016/j.bbcan.2023.189025,https://www.sciencedirect.com/science/article/pii/S0304419X23001749
Learning spatially variant degradation for unsupervised blind photoacoustic tomography image restoration,2023,Kaiyi Tang and Shuangyang Zhang and Yang Wang and Xiaoming Zhang and Zhenyang Liu and Zhichao Liang and Huafeng Wang and Lingjian Chen and Wufan Chen and Li Qi,https://doi.org/10.1016/j.pacs.2023.100536,https://www.sciencedirect.com/science/article/pii/S2213597923000897
Deep learning-based 3D histology reconstruction: an example workflow for evaluation of peritumoural inflammation,2023,L. Ressel,https://doi.org/10.1016/j.jcpa.2023.03.099,https://www.sciencedirect.com/science/article/pii/S0021997523001251
Segmentation of 3D neuronal morphologies in microscopy images utilizing flexible open-curve snakes,2025,Amir Vatani and Jie Song and Liang Xiao,https://doi.org/10.1016/j.neucom.2025.129742,https://www.sciencedirect.com/science/article/pii/S092523122500414X
AI-based carcinoma detection and classification using histopathological images: A systematic review,2022,Swathi Prabhu and Keerthana Prasad and Antonio Robels-Kelly and Xuequan Lu,https://doi.org/10.1016/j.compbiomed.2022.105209,https://www.sciencedirect.com/science/article/pii/S0010482522000014
Role of breast MRI BI-RADS descriptors in discrimination of non-mass enhancement lesion: A systematic review & meta-analysis,2025,Arvin Arian and Mohammad Mobin {Teymouri Athar} and Shadi Nouri and Hamed Ghorani and Fattaneh Khalaj and Seyyed Sina Hejazian and Shiva Shaghaghi and Rasa Beheshti,https://doi.org/10.1016/j.ejrad.2025.111996,https://www.sciencedirect.com/science/article/pii/S0720048X25000828
"Abstracts from USCAP 2020: Pancreas, Gallbladder, Ampulla, and Extra-Hepatic Biliary Tree (1739-1801)",2020,,https://doi.org/10.1038/s41379-020-0482-7,https://www.sciencedirect.com/science/article/pii/S0893395222002101
Contrast-enhanced mammography in breast cancer screening,2022,Kristen Coffey and Maxine S. Jochelson,https://doi.org/10.1016/j.ejrad.2022.110513,https://www.sciencedirect.com/science/article/pii/S0720048X22003631
Characterization of natural compounds derived from diatom C. gracilis as potential therapeutic agents: An in-silico networking and docking study,2024,Raya Bhattacharjya and Hina Bansal and Seneha Santoshi and Subha Rastogi and Archana Tiwari,https://doi.org/10.1016/j.algal.2024.103712,https://www.sciencedirect.com/science/article/pii/S2211926424003242
Contents,2022,,https://doi.org/10.1016/B978-0-323-96129-5.00017-2,https://www.sciencedirect.com/science/article/pii/B9780323961295000172
Breast lesion characterization using Quantitative Ultrasound (QUS) and derivative texture methods,2020,Laurentius O. Osapoetra and Lakshmanan Sannachi and Daniel DiCenzo and Karina Quiaoit and Kashuf Fatima and Gregory J. Czarnota,https://doi.org/10.1016/j.tranon.2020.100827,https://www.sciencedirect.com/science/article/pii/S1936523320303193
Table of Contents,2020,,https://doi.org/10.1016/S0002-9440(20)30465-X,https://www.sciencedirect.com/science/article/pii/S000294402030465X
Chapter 1 - PET/MRI: technical and methodological aspects,2023,Angel Torrado-Carvajal and Ciprian Catana,https://doi.org/10.1016/B978-0-323-88537-9.00003-9,https://www.sciencedirect.com/science/article/pii/B9780323885379000039
Artificial intelligence in digital breast pathology: Techniques and applications,2020,Asmaa Ibrahim and Paul Gamble and Ronnachai Jaroensri and Mohammed M. Abdelsamea and Craig H. Mermel and Po-Hsuan Cameron Chen and Emad A. Rakha,https://doi.org/10.1016/j.breast.2019.12.007,https://www.sciencedirect.com/science/article/pii/S0960977619312147
Surgical spectral imaging,2020,Neil T. Clancy and Geoffrey Jones and Lena Maier-Hein and Daniel S. Elson and Danail Stoyanov,https://doi.org/10.1016/j.media.2020.101699,https://www.sciencedirect.com/science/article/pii/S1361841520300645
DERMATOPATHOLOGY,2023,,https://doi.org/10.1016/j.labinv.2023.100085,https://www.sciencedirect.com/science/article/pii/S0023683723000284
Improved breast cancer histological grading using deep learning,2022,Y. Wang and B. Acs and S. Robertson and B. Liu and L. Solorzano and C. Wählby and J. Hartman and M. Rantalainen,https://doi.org/10.1016/j.annonc.2021.09.007,https://www.sciencedirect.com/science/article/pii/S0923753421044860
Metastasis to and from the breast: a guide to differential diagnosis and ancillary testing,2025,Kastytis Sidlauskas and Philip Elliott and Purnima Makhija and J Louise Jones,https://doi.org/10.1016/j.mpdhp.2025.01.001,https://www.sciencedirect.com/science/article/pii/S1756231725000106
Beyond the EPR effect: Intravital microscopy analysis of nanoparticle drug delivery to tumors,2025,Iaroslav B. Belyaev and Olga Yu. Griaznova and Alexey V. Yaremenko and Sergey M. Deyev and Ivan V. Zelepukin,https://doi.org/10.1016/j.addr.2025.115550,https://www.sciencedirect.com/science/article/pii/S0169409X25000353
Role of nanoparticles in enhancing chemotherapy efficacy for cancer treatment,2024,Huma Ghazal and Aimen Waqar and Faiza Yaseen and Muhammad Shahid and Mahnoor Sultana and Mehlayl Tariq and Muhammad Kamran Bashir and Hira Tahseen and Tehreem Raza and Farooq Ahmad,https://doi.org/10.1016/j.nxmate.2024.100128,https://www.sciencedirect.com/science/article/pii/S294982282400025X
Abstracts from USCAP 2020: Informatics (1522-1590),2020,,https://doi.org/10.1038/s41379-020-0477-4,https://www.sciencedirect.com/science/article/pii/S0893395222002058
Pathology Visions 2024 Overview,2025,,https://doi.org/10.1016/j.jpi.2025.100419,https://www.sciencedirect.com/science/article/pii/S215335392500001X
Morphological basis of the lung adenocarcinoma subtypes,2024,Linjun Zha and Toru Matsu-ura and James P. Sluka and Tomohiro Murakawa and Koji Tsuta,https://doi.org/10.1016/j.isci.2024.109742,https://www.sciencedirect.com/science/article/pii/S2589004224009647
Animal models of pain: Diversity and benefits,2021,Cynthia Abboud and Alexia Duveau and Rabia Bouali-Benazzouz and Karine Massé and Joseph Mattar and Louison Brochoire and Pascal Fossat and Eric Boué-Grabot and Walid Hleihel and Marc Landry,https://doi.org/10.1016/j.jneumeth.2020.108997,https://www.sciencedirect.com/science/article/pii/S0165027020304209
Turning enemies into allies—reprogramming tumor-associated macrophages for cancer therapy,2021,Martina Molgora and Marco Colonna,https://doi.org/10.1016/j.medj.2021.05.001,https://www.sciencedirect.com/science/article/pii/S2666634021001926
Targeting PI3K/AKT/mTOR signaling to overcome drug resistance in cancer,2024,Muhammad Tufail and Wen-Dong Wan and Canhua Jiang and Ning Li,https://doi.org/10.1016/j.cbi.2024.111055,https://www.sciencedirect.com/science/article/pii/S0009279724002011
Chapter Six - Immune modulation during anti-cancer radio(immuno)therapy,2024,Teresa Irianto and Udo S. Gaipl and Michael Rückert,https://doi.org/10.1016/bs.ircmb.2023.05.008,https://www.sciencedirect.com/science/article/pii/S1937644823000709
T lymphocyte recruitment to melanoma brain tumors depends on distinct venous vessels,2024,Julia M. Messmer and Calvin Thommek and Manuel Piechutta and Varun Venkataramani and Rebekka Wehner and Dana Westphal and Marc Schubert and Chanté D. Mayer and Maike Effern and Anna S. Berghoff and Daniel Hinze and Iris Helfrich and Dirk Schadendorf and Wolfgang Wick and Michael Hölzel and Matthia A. Karreman and Frank Winkler,https://doi.org/10.1016/j.immuni.2024.09.003,https://www.sciencedirect.com/science/article/pii/S1074761324004473
Perspective on using non-human primates in Exposome research,2024,Qiu Tu and Gaojing Liu and Xiuyun Liu and Jiao Zhang and Wenxian Xiao and Longbao Lv and Bo Zhao,https://doi.org/10.1016/j.ecoenv.2024.117199,https://www.sciencedirect.com/science/article/pii/S0147651324012752
Micro-surgeons and nano-Pharmacists: The future of healthcare with medical nanorobots,2025,Sanaz Aliakbarzadeh and Majid Abdouss and Sonia Fathi-karkan and Abbas Rahdar and Pejman Zarbanooei and Misook Kang and Sadanand Pandey,https://doi.org/10.1016/j.jddst.2024.106410,https://www.sciencedirect.com/science/article/pii/S1773224724010797
Chapter 8 - Nanocrystals as a versatile platform for theranostic applications,2023,Thashree Marimuthu and Lisa C. {du Toit} and Yahya E. Choonara,https://doi.org/10.1016/B978-0-323-85785-7.00021-8,https://www.sciencedirect.com/science/article/pii/B9780323857857000218
Cysteine cathepsins: From diagnosis to targeted therapy of cancer,2024,Ana Ercegovič Rot and Matija Hrovatin and Bor Bokalj and Ernestina Lavrih and Boris Turk,https://doi.org/10.1016/j.biochi.2024.09.001,https://www.sciencedirect.com/science/article/pii/S0300908424002013
Abstracts from USCAP 2021: Breast Pathology (66-147),2021,,https://doi.org/10.1038/s41374-021-00550-4,https://www.sciencedirect.com/science/article/pii/S0023683722001532
Enhancing personalized immune checkpoint therapy by immune archetyping and pharmacological targeting,2023,Claudia Cerella and Mario Dicato and Marc Diederich,https://doi.org/10.1016/j.phrs.2023.106914,https://www.sciencedirect.com/science/article/pii/S1043661823002700
AAE22 Abstracts of Research,2022,,https://doi.org/10.1016/S0099-2399(22)00547-7,https://www.sciencedirect.com/science/article/pii/S0099239922005477
"ICW – 2021 Virtual Workshop of the International Complement Society (ICS) – Abstracts; December 07 – 10, 2021",2022,,https://doi.org/10.1016/j.molimm.2021.11.020,https://www.sciencedirect.com/science/article/pii/S0161589021003369
Orchestrating cancer therapy: Recent advances in nanoplatforms harmonize immunotherapy with multifaceted treatments,2025,Rongwei Xu and Pei Lin and Jiarong Zheng and Yunfan Lin and Zizhao Mai and Ye Lu and Xu Chen and Zihao Zhou and Li Cui and Xinyuan Zhao,https://doi.org/10.1016/j.mtbio.2024.101386,https://www.sciencedirect.com/science/article/pii/S2590006424004472
3D 4D printing of chitosan-based scaffolds for wound dressing applications,2024,Seyed Morteza Naghib and Seyedeh Neda Hosseini and Anahita Beigi,https://doi.org/10.1016/j.carpta.2024.100594,https://www.sciencedirect.com/science/article/pii/S2666893924001749
Abstracts from USCAP 2021: Quality and Patient Safety (953-989),2021,,https://doi.org/10.1038/s41374-021-00571-z,https://www.sciencedirect.com/science/article/pii/S002368372200174X
Carbon dots and dendrimers nanohybrids: from synthesis to applications,2023,Ivo J. Martins and Helena Tomás and João Rodrigues,https://doi.org/10.1016/j.mtchem.2023.101662,https://www.sciencedirect.com/science/article/pii/S2468519423002896
Recent advances in 3D bioprinted neural models: A systematic review on the applications to drug discovery,2025,Amanda Orr and Farnoosh Kalantarnia and Shama Nazir and Behzad Bolandi and Dominic Alderson and Kerrin O’Grady and Mina Hoorfar and Lisa M. Julian and Stephanie M. Willerth,https://doi.org/10.1016/j.addr.2025.115524,https://www.sciencedirect.com/science/article/pii/S0169409X25000092
A review of recent advances in the modeling of nanoparticle radiosensitization with the Geant4-DNA toolkit,2023,Ali Taheri and Mayeen Uddin Khandaker and Farhad Moradi and David Andrew Bradley,https://doi.org/10.1016/j.radphyschem.2023.111146,https://www.sciencedirect.com/science/article/pii/S0969806X23003912
Visualization strategies of extracellular vesicles: Illuminating the invisible ‘dust’ in theranostics,2024,Kaiyue Zhang and Jingxuan Hu and Yilan Hu,https://doi.org/10.1016/j.vesic.2024.100061,https://www.sciencedirect.com/science/article/pii/S2773041724000283
Extracellular vesicles in pharmacology: Novel approaches in diagnostics and therapy,2022,Zainuddin Quadri and Ahmed Elsherbini and Erhard Bieberich,https://doi.org/10.1016/j.phrs.2021.105980,https://www.sciencedirect.com/science/article/pii/S1043661821005648
Abstracts of the AMP Europe 2023 Congress,2023,,https://doi.org/10.1016/S1525-1578(23)00109-5,https://www.sciencedirect.com/science/article/pii/S1525157823001095
Mathematical modeling of radiotherapy and its impact on tumor interactions with the immune system,2022,Rebecca Anne Bekker and Sungjune Kim and Shari Pilon-Thomas and Heiko Enderling,https://doi.org/10.1016/j.neo.2022.100796,https://www.sciencedirect.com/science/article/pii/S1476558622000239
Genetic and microenvironmental evolution of colorectal liver metastases under chemotherapy,2024,Min Shi and Yingxi Yang and Na Huang and Dongqiang Zeng and Zongchao Mo and Jiao Wang and Xiaomeng Zhang and Ran Liu and Chunlin Wang and Xiaoxiang Rong and Zhenzhen Wu and Qiong Huang and Haixia Shang and Jihong Tang and Zhaojun Wang and Jianan Cai and Genjie Huang and Yijin Guan and Jian Guo and Quanhua Mu and Jiguang Wang and Wangjun Liao,https://doi.org/10.1016/j.xcrm.2024.101838,https://www.sciencedirect.com/science/article/pii/S2666379124006098
Advancements in therapeutic peptides: Shaping the future of cancer treatment,2024,Xiaojie Chen and Zhiwei Zhao and Kyle Vaughn Laster and Kangdong Liu and Zigang Dong,https://doi.org/10.1016/j.bbcan.2024.189197,https://www.sciencedirect.com/science/article/pii/S0304419X24001288
From oncolytic peptides to oncolytic polymers: A new paradigm for oncotherapy,2024,Hanmeng Liu and Wei Shen and Wanguo Liu and Zexin Yang and Dengke Yin and Chunsheng Xiao,https://doi.org/10.1016/j.bioactmat.2023.08.007,https://www.sciencedirect.com/science/article/pii/S2452199X23002475
A comprehensive review on modeling aspects of infusion-based drug delivery in the brain,2024,Tian Yuan and Wenbo Zhan and Michele Terzano and Gerhard A. Holzapfel and Daniele Dini,https://doi.org/10.1016/j.actbio.2024.07.015,https://www.sciencedirect.com/science/article/pii/S1742706124003878
Integrating persistence process into the analysis of technology convergence using STERGM,2025,Guancan Yang and Di Liu and Ling Chen and Kun Lu,https://doi.org/10.1016/j.joi.2024.101632,https://www.sciencedirect.com/science/article/pii/S1751157724001445
Circulating tumor DNA as an early cancer detection tool,2020,Andrea Campos-Carrillo and Jeffrey N. Weitzel and Prativa Sahoo and Russell Rockne and Janet V. Mokhnatkin and Muhammed Murtaza and Stacy W. Gray and Laura Goetz and Ajay Goel and Nicholas Schork and Thomas P. Slavin,https://doi.org/10.1016/j.pharmthera.2019.107458,https://www.sciencedirect.com/science/article/pii/S0163725819302104
Recent progress in cancer vaccines and nanovaccines,2025,Kishwor Poudel and Tulasi Vithiananthan and Jong Oh Kim and Hensin Tsao,https://doi.org/10.1016/j.biomaterials.2024.122856,https://www.sciencedirect.com/science/article/pii/S0142961224003909
Impact of cancer metabolism on therapy resistance – Clinical implications,2021,Ana Cristina Gonçalves and Elena Richiardone and Joana Jorge and Bárbara Polónia and Cristina P.R. Xavier and Iris Chiara Salaroglio and Chiara Riganti and M. Helena Vasconcelos and Cyril Corbet and Ana Bela Sarmento-Ribeiro,https://doi.org/10.1016/j.drup.2021.100797,https://www.sciencedirect.com/science/article/pii/S1368764621000571
Immunogenic cell death inducers for cancer therapy: An emerging focus on natural products,2024,Le-Le Zhang and Du-Juan Zhang and Jia-Xin Shi and Mu-Yang Huang and Jia-Mei Yu and Xu-Jia Chen and Xiao Wei and Liang Zou and Jin-Jian Lu,https://doi.org/10.1016/j.phymed.2024.155828,https://www.sciencedirect.com/science/article/pii/S0944711324004860
Nanosensors and their applications in early diagnosis of cancer,2023,Masoud Khazaei and Marzieh Sadat Hosseini and Ali Moshfegh Haghighi and Majid Misaghi,https://doi.org/10.1016/j.sbsr.2023.100569,https://www.sciencedirect.com/science/article/pii/S2214180423000211
GYNECOLOGIC AND OBSTETRIC PATHOLOGY,2023,,https://doi.org/10.1016/j.labinv.2023.100091,https://www.sciencedirect.com/science/article/pii/S002368372300034X
Chapter 20 - Clinical utility of solid tumor epigenetics,2021,Engin Demirdizen and Julian Taranda and Sevin Turcan,https://doi.org/10.1016/B978-0-12-823928-5.00013-X,https://www.sciencedirect.com/science/article/pii/B978012823928500013X
"Targeted nanoparticle delivery of lapatinib for cancer therapy: Progress, challenges, and future directions",2025,Fateme Rezaei {Abbas Abad} and Mehrab Pourmadadi and Majid Abdouss and Abbas Rahdar and Sonia Fathi-karkan and Sadanand Pandey,https://doi.org/10.1016/j.jddst.2025.106902,https://www.sciencedirect.com/science/article/pii/S1773224725003053
Advancing Src kinase inhibition: From structural design to therapeutic innovation - A comprehensive review,2025,Yifeng Su and Kun Zhu and Jiahao Wang and Boyan Liu and Yue Chang and Degui Chang and Yaodong You,https://doi.org/10.1016/j.ejmech.2025.117369,https://www.sciencedirect.com/science/article/pii/S0223523425001345
Research progress and application exploration of typical microreactor technologies for health monitoring and disease Diagnosis/Treatment,2024,Zhongjian Tan and Yun Zheng and Huanhuan Shi and Weizheng Xu and Xuanhao Jia and Zhengxian Dan and Jiacong Liao and Zhiying Dai and Chenyang Xu,https://doi.org/10.1016/j.cej.2024.155938,https://www.sciencedirect.com/science/article/pii/S1385894724074291
Abstracts from USCAP 2021: Breast Pathology (66-147),2021,,https://doi.org/10.1038/s41379-021-00752-7,https://www.sciencedirect.com/science/article/pii/S0893395222001673
The complex landscape of luminal breast cancer,2024,Catrin Lutz and Hendrik A Messal and Damir Vareslija and Stefan Prekovic,https://doi.org/10.1530/ERC-24-0201,https://www.sciencedirect.com/science/article/pii/S1479682124000183
Chapter 13 - Functionalized magnetic nanosystems for drug delivery applications,2024,Preeya D. Katti and Kalpana S. Katti,https://doi.org/10.1016/B978-0-443-19012-4.00004-7,https://www.sciencedirect.com/science/article/pii/B9780443190124000047
"Matrix Metalloproteinases: From Molecular Mechanisms to Physiology, Pathophysiology, and Pharmacology",2022,Luiz G.N. {de Almeida} and Hayley Thode and Yekta Eslambolchi and Sameeksha Chopra and Daniel Young and Sean Gill and Laurent Devel and Antoine Dufour,https://doi.org/10.1124/pharmrev.121.000349,https://www.sciencedirect.com/science/article/pii/S0031699724007233
Physical stimuli-responsive 3D printable hydrogels for scalable manufacturing of bioengineered meat analogs,2025,Jieun Lee and Sayan Deb Dutta and Tejal V. Patil and Seong-Jun Cho and Ki-Taek Lim,https://doi.org/10.1016/j.tifs.2025.104867,https://www.sciencedirect.com/science/article/pii/S0924224425000032
Exploring the molecular mechanisms of the inhibition of acrolein-induced BEAS-2B cytotoxicity by luteolin using network pharmacology and cell biology technology,2022,Dan Liu and Ye Cheng and Junliang Chen and Xueying Mei and Zhipeng Tang and Xiangyu Cao and Jianli Liu,https://doi.org/10.1016/j.fct.2021.112779,https://www.sciencedirect.com/science/article/pii/S0278691521008127
Autophagy and EMT in cancer and metastasis: Who controls whom?,2022,Rohit Gundamaraju and Wenying Lu and Manash K. Paul and Niraj Kumar Jha and Piyush Kumar Gupta and Shreesh Ojha and Indranil Chattopadhyay and Pasupuleti Visweswara Rao and Saeid Ghavami,https://doi.org/10.1016/j.bbadis.2022.166431,https://www.sciencedirect.com/science/article/pii/S0925443922001016
Recent advancements in nanoconstructs for the theranostics applications for triple negative breast cancer,2024,Ashutosh Gupta and Kumar Nishchaya and Moumita Saha and Gaurisha Alias Resha Ramnath Naik and Sarika Yadav and Shreya Srivastava and Amrita Arup Roy and Sudheer Moorkoth and Srinivas Mutalik and Namdev Dhas,https://doi.org/10.1016/j.jddst.2024.105401,https://www.sciencedirect.com/science/article/pii/S1773224724000698
The potential of long noncoding RNAs for precision medicine in human cancer,2021,Mingming Wu and Xiao Zhang and Xinghua Han and Vijay Pandey and Peter E. Lobie and Tao Zhu,https://doi.org/10.1016/j.canlet.2020.11.040,https://www.sciencedirect.com/science/article/pii/S0304383520306388
DERMATOPATHOLOGY,2024,,https://doi.org/10.1016/j.labinv.2024.100758,https://www.sciencedirect.com/science/article/pii/S0023683724004367
The translational challenges of precision oncology,2022,Oriol Pich and Chris Bailey and Thomas B.K. Watkins and Simone Zaccaria and Mariam Jamal-Hanjani and Charles Swanton,https://doi.org/10.1016/j.ccell.2022.04.002,https://www.sciencedirect.com/science/article/pii/S1535610822001647
Chapter 2 - Reversing the NK inhibitory tumor microenvironment by targeting suppressive immune effectors,2023,Ishwar Navin and Robin Parihar,https://doi.org/10.1016/B978-0-12-822620-9.00011-2,https://www.sciencedirect.com/science/article/pii/B9780128226209000112
Chapter 8 - Natural products and their perspectives in developing new leishmanicidal molecules,2025,Luiz Felipe Domingues Passero and Gabriela V. {Araujo Flores} and Márcia D. Laurenti and Gabriela Santos-Gomes and Patrícia Sartorelli and João Henrique G. Lago,https://doi.org/10.1016/B978-0-443-29044-2.00009-6,https://www.sciencedirect.com/science/article/pii/B9780443290442000096
"Molecular insight into pentraxin-3: Update advances in innate immunity, inflammation, tissue remodeling, diseases, and drug role",2022,Hao Zhang and Ruixuan Wang and Zeyu Wang and Wantao Wu and Nan Zhang and Longbo Zhang and Jason Hu and Peng Luo and Jian Zhang and Zaoqu Liu and Songshan Feng and Yun Peng and Zhengzheng Liu and Quan Cheng,https://doi.org/10.1016/j.biopha.2022.113783,https://www.sciencedirect.com/science/article/pii/S0753332222011726
Targeting monocytes/macrophages in fibrosis and cancer diseases: Therapeutic approaches,2022,Enrico Conte,https://doi.org/10.1016/j.pharmthera.2021.108031,https://www.sciencedirect.com/science/article/pii/S0163725821002333
Abstracts from USCAP 2021: Quality and Patient Safety (953-989),2021,,https://doi.org/10.1038/s41379-021-00773-2,https://www.sciencedirect.com/science/article/pii/S0893395222001880
Impact of cancer cell-intrinsic features on neutrophil behavior,2021,Danique E.M. Duits and Karin E. {de Visser},https://doi.org/10.1016/j.smim.2021.101546,https://www.sciencedirect.com/science/article/pii/S1044532321000774
2.22 - Supramolecular metal-based molecules and materials for biomedical applications,2023,Angela Casini and Roland A. Fischer and Guillermo Moreno-Alcántar,https://doi.org/10.1016/B978-0-12-823144-9.00047-9,https://www.sciencedirect.com/science/article/pii/B9780128231449000479
Enhancing Breast Cancer Detection Through Optimized Thermal Image Analysis Using PRMS-Net Deep Learning Approach,2025,Mudassir KhanMazliham Mohd Su’udMuhammad Mansoor AlamShaik KarimullahFahimuddin ShaikFazli Subhan,10.1007/s10278-025-01465-y,https://link.springer.com/article/10.1007/s10278-025-01465-y
Inflammation in cancer: therapeutic opportunities from new insights,2025,Yifei XieFangfang LiuYunfei WuYuer ZhuYanan JiangQiong WuZigang DongKangdong Liu,10.1186/s12943-025-02243-8,https://link.springer.com/article/10.1186/s12943-025-02243-8
Application of a Commercial Artificial Intelligence Software in Unilateral Mammography: Simulating Total Mastectomy Scenarios,2025,Ji Yeong AnJanie M. LeeMyoung-jin JangSu Min HaJung Min Chang,10.1007/s10278-025-01432-7,https://link.springer.com/article/10.1007/s10278-025-01432-7
Urinary bioorthogonal reporters for the monitoring of the efficacy of chemotherapy for lung cancer and of associated kidney injury,2025,Penghui ChengZiling ZengJing LiuSi Si LiewYuxuan HuMengke XuKanyi Pu,10.1038/s41551-024-01340-1,https://link.springer.com/article/10.1038/s41551-024-01340-1
Musculoskeletal symptoms associated with aromatase inhibitors in the treatment of early breast cancer: A scoping review of risk factors and outcomes,2025,Feng JingLingyun JiangYuling CaoYan Hu,10.1007/s00520-025-09183-5,https://link.springer.com/article/10.1007/s00520-025-09183-5
Noninvasive in vivo imaging of macrophages: understanding tumor microenvironments and delivery of therapeutics,2025,Prakash GangadaranAkanksha OnkarRamya Lakshmi RajendranAnshika GoenkaJi Min OhFatima KhanArulJothi Kandasamy NagarajanSathish MuthuAnand KrishnanChae Moon HongByeong-Cheol Ahn,10.1186/s40364-025-00735-9,https://link.springer.com/article/10.1186/s40364-025-00735-9
Harnessing the tumor microenvironment: targeted cancer therapies through modulation of epithelial-mesenchymal transition,2025,Antonino GlavianoHannah Si-Hui LauLukas M. CarterE. Hui Clarissa LeeHiu Yan LamElena OkinaDonavan Jia Jie TanWency TanHui Li AngDaniela CarboneMichelle Yi-Hui YeeMuthu K. ShanmugamXiao Zi HuangGautam SethiTuan Zea TanLina H. K. LimRuby Yun-Ju HuangHendrik UngefrorenElisa GiovannettiDean G. TangTullia C. BrunoPeng LuoMads Hald AndersenBin-Zhi QianJun IshiharaDerek C. RadiskySalem EliasSaurabh YadavMinah KimCaroline RobertPatrizia DianaKurt A. SchalperTao ShiTaha MerghoubSimone KrebsAnjali P. KusumbeMatthew S. DavidsJennifer R. BrownAlan Prem Kumar,10.1186/s13045-024-01634-6,https://link.springer.com/article/10.1186/s13045-024-01634-6
The DNA Damage Response as an Auxiliary Indicator of Senescence in Cancer: A User-Friendly Toolkit of Markers and Detection Methods,2025,Stella LogothetiSpyridon N. VasilopoulosIoanna TremiAngeliki GkikoudiMichalis FragkosAthanasia PavlopoulouSophia HavakiAlexandros G. Georgakilas,10.1007/978-1-0716-4426-3_6,https://link.springer.com/chapter/10.1007/978-1-0716-4426-3_6
2024 World Molecular Imaging Congress Program,2025,,10.1007/s11307-024-01977-z,https://link.springer.com/article/10.1007/s11307-024-01977-z
The Microenvironment in DCIS and Its Role in Disease Progression,2025,Mohammad Reza RoozitalabNiki PreketeMichael AllenRichard P. GroseJ. Louise Jones,10.1007/978-3-031-70875-6_12,https://link.springer.com/chapter/10.1007/978-3-031-70875-6_12
Functional profiling of murine glioma models highlights targetable immune evasion phenotypes,2024,Nicholas MikolajewiczNazanin TatariJiarun WeiNeil SavageAdrian Granda FariasVassil DimitrovDavid ChenZsolt ZadorKuheli DasguptaMagali Aguilera-UribeYu-Xi XiaoSeon Yong LeePatricia MeroDillon McKennaChitra VenugopalKevin R. BrownHong HanSheila SinghJason Moffat,10.1007/s00401-024-02831-w,https://link.springer.com/article/10.1007/s00401-024-02831-w
Targeting ferroptosis reveals a new strategy for breast cancer treatment: a bibliometric study,2024,Junlin LiuRong TangJie ZhengKe Luo,10.1007/s12672-024-01569-x,https://link.springer.com/article/10.1007/s12672-024-01569-x
Performance of an AI-powered visualization software platform for precision surgery in breast cancer patients,2024,Michelle WeitzJ. R. PfeifferSnehal PatelMatthew BiancalanaArda PekisVignesh KannanEvandros KaklamanosAmanda ParkerJesse E. BucksotJosé Rubio RomeraRyan AlvinYuhan ZhangAndrew T. StefkaDorys Lopez-RamosJoseph R. PetersonAnuja K. AntonyKathryn W. ZamoraStefanie Woodard,10.1038/s41523-024-00696-6,https://link.springer.com/article/10.1038/s41523-024-00696-6
Information mismatch in PHH3-assisted mitosis annotation leads to interpretation shifts in H&amp;E slide analysis,2024,Jonathan GanzChristian MarzahlJonas AmmelingEmely RosbachBarbara RichterChloé PugetDaniela DenkElena A. DemeterFlaviu A. TăbăranGabriel WasingerKaroline LipnikMarco TecillaMatthew J. ValentineMichael J. DarkNiklas AbelePompei BolfaRamona ErberRobert KlopfleischSophie MerzTaryn A. DonovanSamir JabariChristof A. BertramKatharina BreiningerMarc Aubreville,10.1038/s41598-024-77244-6,https://link.springer.com/article/10.1038/s41598-024-77244-6
Surface-modified lipid-based nanocarriers as a pivotal delivery approach for cancer therapy: application and recent advances in targeted cancer treatment‏,2024,Doaa M. AnwarHeidy Y. HedeyaSama H. GhozlanBasma M. EwasSherine N. Khattab,10.1186/s43088-024-00566-x,https://link.springer.com/article/10.1186/s43088-024-00566-x
APASL Oncology 2024 Chiba,2024,,10.1007/s12072-024-10729-8,https://link.springer.com/article/10.1007/s12072-024-10729-8
Caveolin-1 knockout mitigates breast cancer metastasis to the lungs via integrin α3 dysregulation in 4T1-induced syngeneic breast cancer model,2024,Dhirendra Pratap SinghRashmi PathakNaveen ChintalaramuluAbhishek PanditAvinash KumarPhilip J. EbenezerSanjay KumarAlexander DuplooyMary Evelyn WhiteNithya JambunathanRohan DharmakumarJoseph Francis,10.1038/s41417-024-00821-4,https://link.springer.com/article/10.1038/s41417-024-00821-4
36th European Congress of Pathology – Abstracts,2024,,10.1007/s00428-024-03880-y,https://link.springer.com/article/10.1007/s00428-024-03880-y
CT-based radiomics for predicting breast cancer radiotherapy side effects,2024,Óscar Llorián-SalvadorNora WindelerNicole MartinLucas EtzelMiguel A. Andrade-NavarroDenise BernhardtBurkhard RostKai J. BormStephanie E. CombsMarciana N. DumaJan C. Peeken,10.1038/s41598-024-70723-w,https://link.springer.com/article/10.1038/s41598-024-70723-w
Enhancing electrochemical detection through machine learning-driven prediction for canine mammary tumor biomarker with green silver nanoparticles,2024,Sinem Özlem EnginlerTarık KüçükdenizGamze Evkuran DalFunda YıldırımGökçe Erdemir CilasunFulya Üstün AlkanHazal Öztürk GürgenNevin TaşaltınAhmet SabuncuMerve YılmazSelcan Karakuş,10.1007/s00216-024-05444-0,https://link.springer.com/article/10.1007/s00216-024-05444-0
Multiparametric MRI–based radiomic models for early prediction of response to neoadjuvant systemic therapy in triple-negative breast cancer,2024,Rania M. MohamedBikash PanthiBeatriz E. AdradaMedine BogeRosalind P. CandelariaHuiqin ChenMary S. GuirguisKelly K. HuntLei HuoKen-Pin HwangAnil KorkutJennifer K. LittonTanya W. MoseleySanaz PashapoorMiral M. PatelBrandy ReedMarion E. ScogginsJong Bum SonAlastair ThompsonDebu TripathyVicente ValeroPeng WeiJason WhiteGary J. WhitmanZhan XuWei YangClinton YamJingfei MaGaiane M. Rauch,10.1038/s41598-024-66220-9,https://link.springer.com/article/10.1038/s41598-024-66220-9
Deep learning-based risk stratification of preoperative breast biopsies using digital whole slide images,2024,Constance BoissinYinxi WangAbhinav SharmaPhilippe WeitzEmelie KarlssonStephanie RobertsonJohan HartmanMattias Rantalainen,10.1186/s13058-024-01840-7,https://link.springer.com/article/10.1186/s13058-024-01840-7
"The American Society of Breast Surgeons Official Proceedings, Volume XXV 2024 Annual Meeting Scientific Session Abstracts",2024,,10.1245/s10434-024-15410-w,https://link.springer.com/article/10.1245/s10434-024-15410-w
Österreichische Kardiologische Gesellschaft Jahrestagung 2024,2024,,10.1007/s00508-024-02381-x,https://link.springer.com/article/10.1007/s00508-024-02381-x
AZGP1 deficiency promotes angiogenesis in prostate cancer,2024,Ru M. WenZhengyuan QiuG. Edward W. MartiEric E. PetersonFernando Jose Garcia MarquesAbel BermudezYi WeiRosalie NolleyNathan LamAlex LaPat PolaskoChun-Lung ChiuDalin ZhangSanghee ChoGrigorios Marios KarageorgosElizabeth McDonoughChrystal ChadwickFiona GintyKyeong Joo JungRaghu MachirajuParag MallickLaura CrowleyJonathan R. PollackHongjuan ZhaoSharon J. PitteriJames D. Brooks,10.1186/s12967-024-05183-x,https://link.springer.com/article/10.1186/s12967-024-05183-x
Pathological progression of osteoarthritis: a perspective on subchondral bone,2024,Xuefei LiWenhua ChenDan LiuPinghua ChenShiyun WangFangfang LiQian ChenShunyi LvFangyu LiChen ChenSuxia GuoWeina YuanPan LiZhijun Hu,10.1007/s11684-024-1061-y,https://link.springer.com/article/10.1007/s11684-024-1061-y
Clinical evaluation of deep learning-based risk profiling in breast cancer histopathology and comparison to an established multigene assay,2024,Yinxi WangWenwen SunEmelie KarlssonSandy Kang LövgrenBalázs ÁcsMattias RantalainenStephanie RobertsonJohan Hartman,10.1007/s10549-024-07303-z,https://link.springer.com/article/10.1007/s10549-024-07303-z
Chemokine-derived oncolytic peptide induces immunogenic cancer cell death and significantly suppresses tumor growth,2024,Natsuki FurukawaWendy YangAlex R. ChaoAkash PatilAdam C. MirandoNiranjan B. PandeyAleksander S. Popel,10.1038/s41420-024-01932-5,https://link.springer.com/article/10.1038/s41420-024-01932-5
Abstracts,2024,,10.1007/s12072-024-10670-w,https://link.springer.com/article/10.1007/s12072-024-10670-w
Artificial intelligence’s impact on breast cancer pathology: a literature review,2024,Amr SolimanZaibo LiAnil V. Parwani,10.1186/s13000-024-01453-w,https://link.springer.com/article/10.1186/s13000-024-01453-w
Development and prognostic validation of a three-level NHG-like deep learning-based model for histological grading of breast cancer,2024,Abhinav SharmaPhilippe WeitzYinxi WangBojing LiuJohan Vallon-ChristerssonJohan HartmanMattias Rantalainen,10.1186/s13058-024-01770-4,https://link.springer.com/article/10.1186/s13058-024-01770-4
Anticancer activity features of imidazole-based ionic liquids and lysosomotropic detergents: in silico and in vitro studies,2024,Anastasiia GryniukovaPetro BoryskoIryna MyziukDiana AlieksieievaDiana HodynaIvan SemenyutaVasyl KovalishynLarysa MetelytsiaSergiy RogalskySergey Tcherniuk,10.1007/s11030-023-10779-4,https://link.springer.com/article/10.1007/s11030-023-10779-4
The impact of tumor microenvironment: unraveling the role of physical cues in breast cancer progression,2024,Ayuba AkinpeluTosin AkinsipeL. Adriana AvilaRobert D. ArnoldPanagiotis Mistriotis,10.1007/s10555-024-10166-x,https://link.springer.com/article/10.1007/s10555-024-10166-x
Enhancing mitosis quantification and detection in meningiomas with computational digital pathology,2024,Hongyan GuChunxu YangIssa Al-kharoufShino MagakiNelli LakisChristopher Kazu WilliamsSallam Mohammad AlrosanEllie Kate OnstottWenzhong YanNegar KhanlouInma CobosXinhai Robert ZhangNeda Zarrin-KhamehHarry V. VintersXiang Anthony ChenMohammad Haeri,10.1186/s40478-023-01707-6,https://link.springer.com/article/10.1186/s40478-023-01707-6
Leveraging Image Captions for&#xa0;Selective Whole Slide Image Annotation,2024,Jingna QiuMarc AubrevilleFrauke WilmMathias ÖttlJonas UtzMaja SchlerethKatharina Breininger,10.1007/978-3-031-72390-2_20,https://link.springer.com/chapter/10.1007/978-3-031-72390-2_20
"Overcoming Breast Cancer Resistance to Targeted, Chemo-, and Immuno Therapy: Mechanisms and Strategies to Overcome Resistance and Facilitate Drug Development",2024,Adam HermawanSisca UccheWilfan IbadurrahmanKristoforus Patrana ArdiChris Djerico,10.1007/16833_2024_246,https://link.springer.com/chapter/10.1007/16833_2024_246
Comet Assay in the Digital Era: A Review of the Use of Artificial Intelligence for the Analysis of DNA Damage Based on the Results of the Comet Assay,2024,Adna SoftićNejra MerdovićVelid DlakićEmina MrđanovićLejla MahmutovićDaria LerLejla Gurbeta Pokvić,10.1007/978-3-031-61625-9_20,https://link.springer.com/chapter/10.1007/978-3-031-61625-9_20
The Bladder Tumor Microenvironment,2024,Hongbo GaoFotis NikolosRaj SatkunasivamKeith Syson Chan,10.1007/978-3-031-68505-7_12,https://link.springer.com/chapter/10.1007/978-3-031-68505-7_12
Recent Advances in Photoacoustic Imaging of Breast Cancer,2024,Huijuan ZhangEmily ZhengJun Xia,10.1007/978-3-031-61411-8_20,https://link.springer.com/chapter/10.1007/978-3-031-61411-8_20
The importance of planning CT-based imaging features for machine learning-based prediction of pain response,2023,Óscar Llorián-SalvadorJoachim AkhgarSteffi PigorschKai BormStefan MünchDenise BernhardtBurkhard RostMiguel A. Andrade-NavarroStephanie E. CombsJan C. Peeken,10.1038/s41598-023-43768-6,https://link.springer.com/article/10.1038/s41598-023-43768-6
Human basal-like breast cancer is represented by one of the two mammary tumor subtypes in dogs,2023,Joshua WatsonTianfang WangKun-Lin HoYuan FengTanakamol MahawanKevin K. DobbinShaying Zhao,10.1186/s13058-023-01705-5,https://link.springer.com/article/10.1186/s13058-023-01705-5
35<sup>th</sup> European Congress of Pathology – Abstracts,2023,,10.1007/s00428-023-03602-w,https://link.springer.com/article/10.1007/s00428-023-03602-w
Prognostic significance of collagen signatures at breast tumor boundary obtained by combining multiphoton imaging and imaging analysis,2023,Xingxin HuangFangmeng FuWenhui GuoDeyong KangXiahui HanLiqin ZhengZhenlin ZhanChuan WangQingyuan ZhangShu WangShunwu XuJianli MaLida QiuJianxin ChenLianhuang Li,10.1007/s13402-023-00851-4,https://link.springer.com/article/10.1007/s13402-023-00851-4
"EANM’23 Abstract Book Congress Sep 9-13, 2023",2023,,10.1007/s00259-023-06333-x,https://link.springer.com/article/10.1007/s00259-023-06333-x
A comprehensive multi-domain dataset for mitotic figure detection,2023,Marc AubrevilleFrauke WilmNikolas StathonikosKatharina BreiningerTaryn A. DonovanSamir JabariMitko VetaJonathan GanzJonas AmmelingPaul J. van DiestRobert KlopfleischChristof A. Bertram,10.1038/s41597-023-02327-4,https://link.springer.com/article/10.1038/s41597-023-02327-4
The landscape of PBMC methylome in canine mammary tumors reveals the epigenetic regulation of immune marker genes and its potential application in predicting tumor malignancy,2023,A-Reum NamMin HeoKang-Hoon LeeJi-Yoon KimSung-Ho WonJe-Yoel Cho,10.1186/s12864-023-09471-6,https://link.springer.com/article/10.1186/s12864-023-09471-6
Clinicopathologic and genomic features of lobular like invasive mammary carcinoma: is it a distinct entity?,2023,Jing YuEdaise M. da SilvaHae-Sun LaBeth Z. ClarkJeffrey L. FineGloria J. CarterTatiana M. VillatoroT. Rinda SoongAdrian V. LeeSteffi OesterreichThais BasiliJuan Blanco-HerediaPier SelenicaQiqi YeArnaud Da Cruz PaulaHiginio DopesoAndrea GazzoAntonio MarraFresia ParejaJorge S. Reis-FilhoRohit Bhargava,10.1038/s41523-023-00566-7,https://link.springer.com/article/10.1038/s41523-023-00566-7
Racial disparity in tumor microenvironment and distant recurrence in residual breast cancer after neoadjuvant chemotherapy,2023,Gina KimBurcu Karadal-FerrenaJiyue QinVed P. SharmaIsabelle S. OktayYu LinXianjun YeSaeed AsiryJessica M. PastorizaEsther ChengNurfiza LadakJohn S. CondeelisEsther AdlerPaula S. GinterTimothy D’AlfonsoDavid EntenbergXiaonan XueJoseph A. SparanoMaja H. Oktay,10.1038/s41523-023-00547-w,https://link.springer.com/article/10.1038/s41523-023-00547-w
Noninvasive prediction of axillary lymph node breast cancer metastasis using morphometric analysis of nodal tumor microvessels in a contrast-free ultrasound approach,2023,Giulia FerroniSoroosh SabetiTasneem Abdus-ShakurLorenzo ScaliseJodi M. CarterRobert T. FazzioNicholas B. LarsonMostafa FatemiAzra Alizad,10.1186/s13058-023-01670-z,https://link.springer.com/article/10.1186/s13058-023-01670-z
Abstracts from the 55th European Society of Human Genetics (ESHG) Conference: Hybrid Posters,2023,,10.1038/s41431-023-01338-4,https://link.springer.com/article/10.1038/s41431-023-01338-4
Construction and analysis of a conjunctive diagnostic model of HNSCC with random forest and artificial neural network,2023,Yao LuoLiu-qing ZhouFan YangJing-cai ChenJian-jun ChenYan-jun Wang,10.1038/s41598-023-32620-6,https://link.springer.com/article/10.1038/s41598-023-32620-6
Receptor tyrosine kinase inhibitors in cancer,2023,Nasim EbrahimiElmira FardiHajarossadat GhaderiSahar PalizdarRoya KhorramReza VafadarMasoud GhanaatianFatemeh Rezaei-TazangiPayam BaziyarAmirhossein AhmadiMichael R. HamblinAmir Reza Aref,10.1007/s00018-023-04729-4,https://link.springer.com/article/10.1007/s00018-023-04729-4
CAR T-cell behavior and function revealed by real-time imaging,2023,David EspieEmmanuel Donnadieu,10.1007/s00281-023-00983-7,https://link.springer.com/article/10.1007/s00281-023-00983-7
Hypoxia and the Metastatic Cascade,2023,Sanchit GandhiShruti KhannaShikha KaushikDeepali ChaudhryPooja GhorawatJonita ChongthamTapasya Srivastava,10.1007/978-981-99-0313-9_9,https://link.springer.com/chapter/10.1007/978-981-99-0313-9_9
Artificial Intelligence in Breast Pathology,2023,Nermeen ChaudhryZaibo LiAnil Parwani,10.1007/978-981-99-0035-0_37,https://link.springer.com/chapter/10.1007/978-981-99-0035-0_37
Deep Learning-Based Assessment of&#xa0;Histological Grading in&#xa0;Breast Cancer Whole Slide Images,2023,María Jesús García-GonzálezKaren López-Linares RománEsther Albertín MarcoIván LalagunaJavier García NavasMaria Blanca Cimadevila ÁlvarezAna Calvo PérezValery Naranjo Ornedo,10.1007/978-981-99-3311-2_32,https://link.springer.com/chapter/10.1007/978-981-99-3311-2_32
Regularized Kelvinlet Functions to Model Linear Elasticity for Image-to-Physical Registration of the Breast,2023,Morgan RingelJon HeiselmanWinona RicheyIngrid MeszoelyMichael Miga,10.1007/978-3-031-43996-4_33,https://link.springer.com/chapter/10.1007/978-3-031-43996-4_33
World Molecular Imaging Congress 2022,2022,,10.1007/s11307-022-01794-2,https://link.springer.com/article/10.1007/s11307-022-01794-2
Volumetric imaging and morphometric analysis of breast tumor angiogenesis using a new contrast-free ultrasound technique: a feasibility study,2022,Juanjuan GuRedouane TernifiSoroosh SabetiNicholas B. LarsonJodi M. CarterRobert T. FazzioMostafa FatemiAzra Alizad,10.1186/s13058-022-01583-3,https://link.springer.com/article/10.1186/s13058-022-01583-3
Artificial intelligence to guide precision anticancer therapy with multitargeted kinase inhibitors,2022,Manali SinghaLimeng PuBrent A. StanfieldIfeanyi K. UchePaul J. F. RiderKonstantin G. KousoulasJ. RamanujamMichal Brylinski,10.1186/s12885-022-10293-0,https://link.springer.com/article/10.1186/s12885-022-10293-0
The clinical significance of cyclin B1 (CCNB1) in invasive breast cancer with emphasis on its contribution to lymphovascular invasion development,2022,Abrar I. AljohaniMichael S. TossAndrew R. GreenEmad A. Rakha,10.1007/s10549-022-06801-2,https://link.springer.com/article/10.1007/s10549-022-06801-2
Development and validation of a short-term breast health measure as a supplement to screening mammography,2022,Anna DailyPrashanth RavishankarWanyi WangRyan KroneSteve HarmsV. Suzanne Klimberg,10.1186/s40364-022-00420-1,https://link.springer.com/article/10.1186/s40364-022-00420-1
Targeting the gut microbiota for cancer therapy,2022,Miriam R. FernandesPoonam AggarwalRaquel G. F. CostaAlicia M. ColeGiorgio Trinchieri,10.1038/s41568-022-00513-x,https://link.springer.com/article/10.1038/s41568-022-00513-x
The role of cellular traction forces in deciphering nuclear mechanics,2022,Rakesh JoshiSeong-Beom HanWon-Ki ChoDong-Hwee Kim,10.1186/s40824-022-00289-z,https://link.springer.com/article/10.1186/s40824-022-00289-z
Deep learning-based breast cancer grading and survival analysis on whole-slide histopathology images,2022,Suzanne C. WetsteinVincent M. T. de JongNikolas StathonikosMark OpdamGwen M. H. E. DackusJosien P. W. PluimPaul J. van DiestMitko Veta,10.1038/s41598-022-19112-9,https://link.springer.com/article/10.1038/s41598-022-19112-9
"Perspectives in Melanoma: meeting report from the Melanoma Bridge (December 2nd – 4th, 2021, Italy)",2022,Paolo A. AsciertoSanjiv S. AgarwalaChristian BlankCorrado CaracòRichard D. CarvajalMarc S. ErnstoffSoldano FerroneBernard A. FoxThomas F. GajewskiClaus GarbeJean-Jacques GrobOmid HamidMichelle KrogsgaardRoger S. LoAmanda W. LundGabriele MadonnaOlivier MichielinBart NeynsIman OsmanSolange PetersPoulikos I. PoulikakosSergio A. QuezadaBradley ReinfeldLaurence ZitvogelIgor PuzanovMagdalena Thurin,10.1186/s12967-022-03592-4,https://link.springer.com/article/10.1186/s12967-022-03592-4
"
              <b>34</b>
              <sup>
                <b>th</b>
              </sup>
              <b>European Congress of Pathology - Abstracts</b>
            ",2022,,10.1007/s00428-022-03379-4,https://link.springer.com/article/10.1007/s00428-022-03379-4
Abstract,2022,,10.1007/s12072-022-10337-4,https://link.springer.com/article/10.1007/s12072-022-10337-4
"Blood-derived lncRNAs as biomarkers for cancer diagnosis: the Good, the Bad and the Beauty",2022,Cedric BadowskiBing HeLana X. Garmire,10.1038/s41698-022-00283-7,https://link.springer.com/article/10.1038/s41698-022-00283-7
Abstracts DEGRO 2022,2022,,10.1007/s00066-022-01932-3,https://link.springer.com/article/10.1007/s00066-022-01932-3
Sodium accumulation in breast cancer predicts malignancy and treatment response,2022,Andrew D. JamesTheresa K. LeslieJoshua D. KaggieLaura WigginsLewis PattenJohn Murphy O’DuinnSwen LangerMarie-Christine LabartheFrank RiemerGabrielle BaxterMary A. McLeanFiona J. GilbertAneurin J. KennerleyWilliam J. Brackenbury,10.1038/s41416-022-01802-w,https://link.springer.com/article/10.1038/s41416-022-01802-w
"The American Society of Breast Surgeons Official Proceedings, Volume XXIII 2022 Annual Meeting Scientific Session Abstracts",2022,,10.1245/s10434-022-11703-0,https://link.springer.com/article/10.1245/s10434-022-11703-0
USCAP 2022 Abstracts: Breast Pathology (74-204),2022,,10.1038/s41374-022-00747-1,https://www.nature.com/articles/s41374-022-00747-1
USCAP 2022 Abstracts: Breast Pathology (74-204),2022,,10.1038/s41379-022-01030-w,https://www.nature.com/articles/s41379-022-01030-w
Fat obtained from plastic surgery procedures—stem cells derived from adipose tissue and their potential in technological innovation: a narrative literature review and perspective on dissociative methods,2022,Hebert LambletLydia Masako Ferreira,10.1007/s00238-022-01951-4,https://link.springer.com/article/10.1007/s00238-022-01951-4
Assessment of deep learning algorithms to predict histopathological diagnosis of breast cancer: first Moroccan prospective study on a private dataset,2022,H. El AgouriM. AziziH. El AttarM. El KhannoussiA. IbrahimiR. KabbajH. KadiriS. BekarSabeinS. EchCharifC. MounjidB. El Khannoussi,10.1186/s13104-022-05936-1,https://link.springer.com/article/10.1186/s13104-022-05936-1
Classification of rat mammary carcinoma with large scale in vivo microwave measurements,2022,Emre OnemliSulayman JoofCemanur AydinalpNural Pastacı ÖzsobacıFatma Ateş AlkanNuray KepilIslem RekikIbrahim AkdumanTuba Yilmaz,10.1038/s41598-021-03884-7,https://link.springer.com/article/10.1038/s41598-021-03884-7
Application of Artificial Intelligence in Research on Cancer and Its Metastasis,2022,Benjamin Franc,10.1007/978-3-030-93084-4_74,https://link.springer.com/chapter/10.1007/978-3-030-93084-4_74
Gene Expression Signatures of the Tumor Microenvironment: Relation to Tumor Phenotypes and Progress in Breast Cancer,2022,Elisabeth WikLise M. IngebriktsenLars A. Akslen,10.1007/978-3-030-98950-7_23,https://link.springer.com/chapter/10.1007/978-3-030-98950-7_23
"World Congress on Osteoporosis, Osteoarthritis and Musculoskeletal Diseases (WCO-IOF-ESCEO 2021): Poster Abstracts",2021,,10.1007/s00198-021-06125-9,https://link.springer.com/article/10.1007/s00198-021-06125-9
"Proceedings of the World Molecular Imaging Congress 2020, October 7-9, 2020: General Abstracts",2021,,10.1007/s11307-021-01691-0,https://link.springer.com/article/10.1007/s11307-021-01691-0
"Proceedings of the World Molecular Imaging Congress 2021, October 5-8, 2021: General Abstracts",2021,,10.1007/s11307-021-01693-y,https://link.springer.com/article/10.1007/s11307-021-01693-y
"Proceedings of the World Molecular Imaging Congress 2020, October 7-9, 2020: Late-Breaking Abstracts",2021,,10.1007/s11307-021-01692-z,https://link.springer.com/article/10.1007/s11307-021-01692-z
Tutorial: methods for three-dimensional visualization of archival tissue material,2021,Tariq Sami HaddadPeter FriedlNavid FarahaniDarren TreanorInti ZlobecIris Nagtegaal,10.1038/s41596-021-00611-4,https://link.springer.com/article/10.1038/s41596-021-00611-4
"Safety evaluation of nanodiamond-doxorubicin complexes in a Naïve Beagle canine model using hematologic, histological, and urine analysis",2021,Liping WangWenqiong SuKhan Zara AhmadXin WangTing ZhangYouyi YuEdward Kai-Hua ChowDean HoXianting Ding,10.1007/s12274-021-3867-0,https://link.springer.com/article/10.1007/s12274-021-3867-0
<b>33</b><sup><b>rd</b></sup> <b>European Congress of Pathology – Abstracts</b>,2021,,10.1007/s00428-021-03157-8,https://link.springer.com/article/10.1007/s00428-021-03157-8
Intraoperative fluorescence imaging with aminolevulinic acid detects grossly occult breast cancer: a phase II randomized controlled trial,2021,Kathryn Ottolino-PerryAnam ShahidStephanie DeLucaViktor SonMayleen SukhramFannong MengZhihui ( Amy) LiuSara RapicNayana Thalanki AnanthaShirley C. WangEmilie ChammaChristopher GibsonPhilip J. MedeirosSafa MajeedAshley ChuOlivia WignallAlessandra PizzolatoCheryl F. RosenLiis Lindvere TeeneDanielle Starr-DunhamIris KulbatskiTony PanzarellaSusan J. DoneAlexandra M. EassonWey L. LeongRalph S. DaCosta,10.1186/s13058-021-01442-7,https://link.springer.com/article/10.1186/s13058-021-01442-7
Research Goal-Driven Data Model and Harmonization for De-Identifying Patient Data in Radiomics,2021,Surajit KunduSantam ChakrabortyJayanta MukhopadhyaySyamantak DasSanjoy ChatterjeeRimpa Basu AchariIndranil MallickPartha Pratim DasMoses ArunsinghTapesh BhattacharyyaSoumendranath Ray,10.1007/s10278-021-00476-9,https://link.springer.com/article/10.1007/s10278-021-00476-9
Abstracts DEGRO 2021,2021,,10.1007/s00066-021-01791-4,https://link.springer.com/article/10.1007/s00066-021-01791-4
"Perspectives in immunotherapy: meeting report from the immunotherapy bridge (December 2nd–3rd, 2020, Italy)",2021,Paolo A. AsciertoCarlo BifulcoFortunato CiardielloSandra DemariaLeisha A. EmensRobert FerrisSilvia C. FormentiJerome GalonSamir N. KhleifTomas KirchhoffJennifer McQuadeKunle OdunsiAkash PatnaikChrystal M. PaulosJanis M. TaubeJohn TimmermanBernard A. FoxPatrick HwuIgor Puzanov,10.1186/s12967-021-02895-2,https://link.springer.com/article/10.1186/s12967-021-02895-2
Breast cancer dormancy: need for clinically relevant models to address current gaps in knowledge,2021,Grace G. BushnellAbhijeet P. DeshmukhPetra den HollanderMing LuoRama SoundararajanDongya JiaHerbert LevineSendurai A. ManiMax S. Wicha,10.1038/s41523-021-00269-x,https://link.springer.com/article/10.1038/s41523-021-00269-x
"Early Assessment Window for Predicting Breast Cancer Neoadjuvant Therapy using Biomarkers, Ultrasound, and Diffuse Optical Tomography",2021,Quing ZhuFoluso O. AdemuyiwaCatherine YoungCatherine AppletonMatthew F. CovingtonCynthia MaSouzan SanatiIan S. HagemannAtahar MostafaK. M. Shihab UddinIsabella GrigsbyAshley E. FrithLeonel F. Hernandez-AyaSteven S. Poplack,10.1007/s10549-021-06239-y,https://link.springer.com/article/10.1007/s10549-021-06239-y
Deciphering molecular mechanisms of metastasis: novel insights into targets and therapeutics,2021,Bikashita KalitaMohane Selvaraj Coumar,10.1007/s13402-021-00611-2,https://link.springer.com/article/10.1007/s13402-021-00611-2
Advantages of using graph databases to explore chromatin conformation capture experiments,2021,Daniele D’AgostinoPietro LiòMarco AldinucciIvan Merelli,10.1186/s12859-020-03937-0,https://link.springer.com/article/10.1186/s12859-020-03937-0
Human breast microbiome correlates with prognostic features and immunological signatures in breast cancer,2021,Alice TzengNaseer SangwanMargaret JiaChin-Chih LiuKaren S. KeslarErinn Downs-KellyRobert L. FairchildZahraa Al-HilliStephen R. GrobmyerCharis Eng,10.1186/s13073-021-00874-2,https://link.springer.com/article/10.1186/s13073-021-00874-2
Abstracts from USCAP 2021: Dermatopathology (238-270),2021,,10.1038/s41379-021-00755-4,https://www.nature.com/articles/s41379-021-00755-4
Abstracts from USCAP 2021: Quality and Patient Safety (953-989),2021,,10.1038/s41374-021-00571-z,https://www.nature.com/articles/s41374-021-00571-z
Abstracts from USCAP 2021: Dermatopathology (238-270),2021,,10.1038/s41374-021-00553-1,https://www.nature.com/articles/s41374-021-00553-1
Abstracts from USCAP 2021: Quality and Patient Safety (953-989),2021,,10.1038/s41379-021-00773-2,https://www.nature.com/articles/s41379-021-00773-2
Proteolysis-targeting chimera against BCL-X<sub>L</sub> destroys tumor-infiltrating regulatory T cells,2021,Ryan KolbUmasankar DeSajid KhanYuewan LuoMyung-Chul KimHaijun YuChaoyan WuJiao MoXin ZhangPeiyi ZhangXuan ZhangNicholas BorcherdingDaniel KoppelYang-Xin FuSong Guo ZhengDorina AvramGuangrong ZhengDaohong ZhouWeizhou Zhang,10.1038/s41467-021-21573-x,https://link.springer.com/article/10.1038/s41467-021-21573-x
Detection of mitotic cells in breast cancer histopathological images using deep versus handcrafted features,2021,I. Onur SigirciAbdulkadir AlbayrakGokhan Bilgin,10.1007/s11042-021-10539-2,https://link.springer.com/article/10.1007/s11042-021-10539-2
Analysis of tumor nuclear features using artificial intelligence to predict response to neoadjuvant chemotherapy in high-risk breast cancer patients,2021,David W. DodingtonAndrew LagreeSami TabbarahMajid MohebpourAli Sadeghi-NainiWilliam T. TranFang-I Lu,10.1007/s10549-020-06093-4,https://link.springer.com/article/10.1007/s10549-020-06093-4
A completely annotated whole slide image dataset of canine breast cancer to aid human breast cancer research,2020,Marc AubrevilleChristof A. BertramTaryn A. DonovanChristian MarzahlAndreas MaierRobert Klopfleisch,10.1038/s41597-020-00756-z,https://link.springer.com/article/10.1038/s41597-020-00756-z
<b>Abstracts</b>,2020,,10.1007/s00428-020-02938-x,https://link.springer.com/article/10.1007/s00428-020-02938-x
The future of microfluidics in immune checkpoint blockade,2020,Jonathan BrionesWilfred EspulgarShohei KoyamaHyota TakamatsuEiichi TamiyaMasato Saito,10.1038/s41417-020-00248-7,https://link.springer.com/article/10.1038/s41417-020-00248-7
Identification of STXBP6-IRF1 positive feedback loop in regulation of PD-L1 in cancer,2020,Yanbin LiuZhicong HuangYanli WeiMingming ZhangXingzhi LiShulan YangHaihe Wang,10.1007/s00262-020-02678-6,https://link.springer.com/article/10.1007/s00262-020-02678-6
Abstracts from USCAP 2020: Breast Pathology (110-299),2020,,10.1038/s41379-020-0464-9,https://www.nature.com/articles/s41379-020-0464-9
"Abstracts from USCAP 2020: Pancreas, Gallbladder, Ampulla, and Extra-Hepatic Biliary Tree (1739-1801)",2020,,10.1038/s41379-020-0482-7,https://www.nature.com/articles/s41379-020-0482-7
Abstracts from USCAP 2020: Breast Pathology (110-299),2020,,10.1038/s41374-020-0380-0,https://www.nature.com/articles/s41374-020-0380-0
Abstracts from USCAP 2020: Informatics (1522-1590),2020,,10.1038/s41374-020-0393-8,https://www.nature.com/articles/s41374-020-0393-8
"Abstracts from USCAP 2020: Pancreas, Gallbladder, Ampulla, and Extra-Hepatic Biliary Tree (1739-1801)",2020,,10.1038/s41374-020-0397-4,https://www.nature.com/articles/s41374-020-0397-4
Abstracts from USCAP 2020: Informatics (1522-1590),2020,,10.1038/s41379-020-0477-4,https://www.nature.com/articles/s41379-020-0477-4
Computer-Aided Histopathological Image Analysis Techniques for Automated Nuclear Atypia Scoring of Breast Cancer: a Review,2020,Asha DasMadhu S. NairS. David Peter,10.1007/s10278-019-00295-z,https://link.springer.com/article/10.1007/s10278-019-00295-z
An automated pipeline for metastasis detection,2020,Alexandra Le Bras,10.1038/s41684-020-0479-3,https://link.springer.com/article/10.1038/s41684-020-0479-3
"CACTUS: cancer image annotating, calibrating, testing, understanding and sharing in breast cancer histopathology",2020,Alper AksacTansel OzyerDouglas J. DemetrickReda Alhajj,10.1186/s13104-019-4866-z,https://link.springer.com/article/10.1186/s13104-019-4866-z
Computed Tomography and Magnetic Resonance Imaging,2020,Monique R. BernsenMarcel van StratenGyula KotekEsther A. H. WarnertJoost C. HaeckAlessandro RuggieroPiotr A. WielopolskiGabriel P. Krestin,10.1007/978-3-030-42618-7_2,https://link.springer.com/chapter/10.1007/978-3-030-42618-7_2
Tumor Heterogeneity: Challenges and Perspectives for Gastrointestinal Cancer Therapy,2020,Manoj Kumar GuptaGayatri GoudaRavindra DondeRamakrishna Vadde,10.1007/978-981-15-6487-1_1,https://link.springer.com/chapter/10.1007/978-981-15-6487-1_1
On Computer-Aided Diagnosis of Breast Cancers Using Nuclear Atypia Scoring,2020,Soorya ShajiM. SreerajJestin JoyAlphonsa Kuriakose,10.1007/978-981-15-3992-3_57,https://link.springer.com/chapter/10.1007/978-981-15-3992-3_57
"Machine learning in breast cancer imaging: a review on data, models and methods",2024,Marco A. V. M. Grinet and Ana I. R. Gouveia and Abel J. P. Gomes and,10.1080/21681163.2024.2302387," 

https://doi.org/10.1080/21681163.2024.2302387


"
Optical spectroscopy-based imaging techniques for the diagnosis of breast cancer: A novel approach,2020,Uttam M. Pal and Mansi Saxena and G. K. Anil Vishnu and Darshan Parsana and B. S. R. Sarvani and Manoj Varma and Mahesh Jayachandra and Vishnu Kurpad and Deb Baruah and Gayatri Gogoi and Jayant S. Vaidya and Hardik J. Pandya and,10.1080/05704928.2020.1749651," 

https://doi.org/10.1080/05704928.2020.1749651


"
CSPO-DCNN: Competitive Swarm Political Optimisation for Breast Cancer Classification using Histopathological Image,2022,Jyoti Umesh Kundale and Sudhir Dhage and,10.1080/21681163.2021.2012828," 

https://doi.org/10.1080/21681163.2021.2012828


"
Biomaterial-based strategies to prime dendritic cell-mediated anti-cancer immune responses,2020,Wooram Park and Kwang Hoon Song and Jaesung Lim and Chun Gwon Park and Junsang Doh and Dong Keun Han and,10.1080/09506608.2020.1735117," 

https://doi.org/10.1080/09506608.2020.1735117


"
Gold Nanoparticles Against Respiratory Diseases: Oncogenic and Viral Pathogens Review,2020,Raji V and Kaushik Pal and Tean Zaheer and Nandakumar Kalarikkal and Sabu Thomas and Fernando Gomes de Souza and Asiya SI and,10.4155/tde-2020-0071," 

https://doi.org/10.4155/tde-2020-0071


"
Understanding mental health in breast cancer from screening to Survivorship: an integrative phasic Model and tool,2025,Justine Fortin and Émilie Rudd and Claudia Trudel-Fitzgerald and Matthew J. Cordova and Marie-France Marin and Alain Brunet and,10.1080/13548506.2024.2430796," 

https://doi.org/10.1080/13548506.2024.2430796


"
Current status of robotic surgery for hepato-pancreato-biliary malignancies,2022,Marcus Bahra and Ramin Raul Ossami Saidy and,10.1080/14737140.2022.2105211," 

https://doi.org/10.1080/14737140.2022.2105211


"
Design of a novel multi-epitope vaccine candidate against Chlamydia trachomatis using structural and nonstructural proteins: an immunoinformatics study,2024,Hussein T. Abdulabbas and Alaa Naseer Mohammad Ali and Akbar Farjadfar and Masoud Arabfard and Sohrab Najafipour and Amin Kouhpayeh and Abdolmajid Ghasemian and Esmaeil Behmard and,10.1080/07391102.2023.2220812," 

https://doi.org/10.1080/07391102.2023.2220812


"
Use of Anticancer Peptides as An Alternative Approach for Targeted Therapy in Breast Cancer: A Review,2021,Ala Orafaie and Ahmad Reza Bahrami and Maryam M Matin and,10.2217/nnm-2020-0352," 

https://doi.org/10.2217/nnm-2020-0352


"
Comprehensive review on signaling pathways of dietary saponins in cancer cells suppression,2023,Yifan Zhou and Ammad Ahmad Farooqi and Baojun Xu and,10.1080/10408398.2021.2000933," 

https://doi.org/10.1080/10408398.2021.2000933


"
Breast Cancer Pharmacogenetics: A Systematic Review,2023,Mariana M Scudeler and Caíque Manóchio and Alex J Braga Pinto and Heithor dos Santos Cirino and Cléber S da Silva and Fernanda Rodrigues-Soares and,10.2217/pgs-2022-0144," 

https://doi.org/10.2217/pgs-2022-0144


"
ISEV2020 Abstract Book,2020,,10.1080/20013078.2020.1784511," 

https://doi.org/10.1080/20013078.2020.1784511


"
North American Congress of Clinical Toxicology (NACCT) 2022,2022,,10.1080/15563650.2022.2107776," 

https://doi.org/10.1080/15563650.2022.2107776


"
Machine learning determines stemness associated with simple and basal-like canine mammary carcinomas,2024,"Xavier PLP, Marção M, Simões RLS, Job MEG, de Francisco Strefezzi R, Fukumasu H, Malta TM.",10.1016/j.heliyon.2024.e26714,
Canine Mammary Tumor Histopathological Image Classification via Computer-Aided Pathology: An Available Dataset for Imaging Analysis,2023,"Burrai GP, Gabrieli A, Polinas M, Murgia C, Becchere MP, Demontis P, Antuofermo E.",10.3390/ani13091563,
ReCasNet: Improving consistency within the two-stage mitosis detection framework,2023,"Piansaddhayanaon C, Santisukwongchote S, Shuangshoti S, Tao Q, Sriswasdi S, Chuangsuwanich E.",10.1016/j.artmed.2022.102462,
Enhancing electrochemical detection through machine learning-driven prediction for canine mammary tumor biomarker with green silver nanoparticles,2024,"Enginler SÖ, Küçükdeniz T, Dal GE, Yıldırım F, Cilasun GE, Alkan FÜ, Gürgen HÖ, Taşaltın N, Sabuncu A, Yılmaz M, Karakuş S.",10.1007/s00216-024-05444-0,
Classification of rat mammary carcinoma with large scale in vivo microwave measurements,2022,"Onemli E, Joof S, Aydinalp C, Pastacı Özsobacı N, Ateş Alkan F, Kepil N, Rekik I, Akduman I, Yilmaz T.",10.1038/s41598-021-03884-7,
Implementation of Machine Learning-Based System for Early Diagnosis of Feline Mammary Carcinomas through Blood Metabolite Profiling,2024,"Kulkarni V, Tsigelny IF, Kouznetsova VL.",10.3390/metabo14090501,
Human basal-like breast cancer is represented by one of the two mammary tumor subtypes in dogs,2023,"Watson J, Wang T, Ho KL, Feng Y, Mahawan T, Dobbin KK, Zhao S.",10.1186/s13058-023-01705-5,
A novel dilated contextual attention module for breast cancer mitosis cell detection,2024,"Li Z, Li X, Wu W, Lyu H, Tang X, Zhou C, Xu F, Luo B, Jiang Y, Liu X, Xiang W.",10.3389/fphys.2024.1337554,
A completely annotated whole slide image dataset of canine breast cancer to aid human breast cancer research,2020,"Aubreville M, Bertram CA, Donovan TA, Marzahl C, Maier A, Klopfleisch R.",10.1038/s41597-020-00756-z,